ID,Tag
231562,aspen
231562,domino
231562,parallel
231562,aspenarchive
231562,outstanding
231562,global equities
231562,when
231562,field
231562,have
231562,yield
231562,no
231562,company
231562,overview
231562,research entity
231562,dividend
231562,companies
231562,payment
227909,aspen
227909,domino
227909,parallel
227909,aspenarchive
227909,to
227909,for
227909,the
227909,not
227909,team
227909,documents
227909,i
227909,global structured finance
227909,allow
227909,does
227909,me
227909,just
227909,uploaded
227909,scope
227909,restrict
227909,gsf
235828,aspen
235828,domino
235828,parallel
235828,outstanding
235828,high yield
235828,assets
235828,add
235828,deal
235828,workflow
235828,panel
235828,appears
235828,behind
233478,aspen
233478,domino
233478,parallel
233478,aspenarchive
233478,outstanding
233478,the
233478,capital solutions
233478,from
233478,is
233478,value
233478,as
233478,issue
233478,below
233478,amount
233478,everest
233478,same
233478,incorrectlooks
233478,like
233478,rather
233478,than
233478,screenshot
231563,aspen
231563,domino
231563,parallel
231563,aspenarchive
231563,outstanding
231563,high yield
231563,and
231563,assets
231563,asset
231563,add
231563,technical details needed
231563,business details needed
231563,profile
231563,seniority
231563,ic
231563,recommendation
231563,limit
233488,aspen
233488,domino
233488,parallel
233488,aspenarchive
233488,outstanding
233488,to
233488,the
233488,assets
233488,capital solutions
233488,tab
233488,asset
233488,columns
233488,actual
233488,numbers
233488,convert
233488,following
231218,aspen
231218,domino
231218,assets
231218,issuers
231218,issue
231218,duplicated
231218,tag1
231218,tag2
230660,aspen
230660,domino
230660,to
230660,the
230660,in
230660,assets
230660,on
230660,asset
230660,of
230660,page
230660,unable
230660,seniority
230660,click
230660,name
230660,table
230660,open
220762,aspen
220762,domino
220762,for
220762,capital
220762,structure
220762,team
220762,private
220762,capital structure
220762,caption
220762,improvements
231817,aspen
231817,domino
231817,capital
231817,structure
231817,gpf
231817,changes
231817,capital structure
236665,aspen
236665,domino
236665,not
236665,data
236665,on
236665,capital
236665,structure
236665,load
236665,visible
236665,totals
220677,aspen
220677,domino
220677,for
220677,commentary
220677,recommendation
220677,support
220677,nulls
182783,aspen
182783,domino
182783,parallel
182783,aspenarchive
182783,outstanding
182783,data
182783,load
182783,esg
182783,development
182783,esg  ratings
182783,weights
182783,front
182783,end
235540,aspen
235540,domino
235540,capital solutions
235540,database
235540,kfiskpis
235540,backend
220902,aspen
220902,domino
220902,not
220902,new
220902,document
220902,documents
220902,button
220902,working
212474,aspen
212474,domino
212474,for
212474,model
212474,financials
212474,company
212474,pd
212474,calculations
212474,metrics
212474,endpoint
212478,aspen
212478,domino
212478,for
212478,and
212478,of
212478,values
212478,financials
212478,pd
212478,weights
212478,calculation
212478,get
212478,calculatedpd
229763,aspen
229763,domino
229763,data
229763,global
229763,issuers
229763,equity
229763,issues
229763,fundamental
229763,publish
215001,aspen
215001,domino
215001,to
215001,the
215001,data
215001,when
215001,values
215001,model
215001,fundamental data
215001,fundamental
215001,actual
215001,use
215001,store
215001,notation
215001,scrapping
234107,aspen
234107,domino
234107,parallel
234107,aspenarchive
234107,outstanding
234107,to
234107,and
234107,global equities
234107,global
234107,equity
234107,model
234107,files
234107,one
234107,linking
234107,various
234107,drive
234107,sharepoint
234107,local
232103,aspen
232103,domino
232103,and
232103,in
232103,global equities
232103,global
232103,equity
232103,between
232103,synapse
232103,difference
232103,cents
230691,aspen
230691,domino
230691,parallel
230691,aspenarchive
230691,the
230691,global equities
230691,global
230691,value
230691,equity
230691,market
230691,incorrect
230691,yield
230691,below
230691,both
230691,dividend
230691,cell
218315,aspen
218315,domino
218315,to
218315,data
218315,global equities
218315,global
218315,equity
218315,have
218315,need
218315,button
218315,refresh
218315,exceladdin
218315,epsdps
218317,aspen
218317,domino
218317,global equities
218317,from
218317,global
218317,equity
218317,empty
218317,ihub
218317,handle
218317,fiscal
218317,month
235478,aspen
235478,domino
235478,aspenarchive
235478,for
235478,and
235478,in
235478,global equities
235478,of
235478,global
235478,equity
235478,integration
235478,lastreviewedbyanalyst
235478,analystname
235478,reports
210249,aspen
210249,domino
210249,aspenarchive
210249,in
210249,global equities
210249,global
210249,value
210249,equity
210249,should
210249,be
210249,market
210249,reporting
210249,shown
210249,us
210249,specify
210249,currency
234104,aspen
234104,domino
234104,parallel
234104,outstanding
234104,global equities
234104,of
234104,global
234104,equity
234104,as
234104,company
234104,overview
234104,fx
234104,rates
234104,store
234104,part
210250,aspen
210250,domino
210250,aspenarchive
210250,the
210250,in
210250,commentary
210250,global equities
210250,global
210250,additional
210250,drop
210250,equitycommentary
210250,typeslabels
210250,downs
233916,aspen
233916,domino
233916,parallel
233916,aspenarchive
233916,outstanding
233916,to
233916,global equities
233916,from
233916,load
233916,fx
233916,rates
233916,ihub
233916,globalequity
233916,exceladdapi
236823,aspen
236823,domino
236823,parallel
236823,data
236823,fields
236823,technical details needed
236823,into
236823,barings
236823,globalequity
236823,feed
236823,refinitiv
236823,aspen parallel global equities
213791,aspen
213791,domino
213791,for
213791,gpf
213791,closing
213791,close
213791,date
213791,financial
213791,default
236208,aspen
236208,domino
236208,capital
236208,structure
236208,gpf
236208,update
236208,column
236208,capital structure
236208,base
236208,rate
226675,aspen
226675,domino
226675,to
226675,a
226675,research
226675,entity
226675,all
226675,companies
226675,hierarchy
226675,display
226675,linked
229990,aspen
229990,domino
229990,not
229990,data
229990,is
229990,field
229990,hierarchy
229990,initialize
229990,saved
217578,aspen
217578,domino
217578,aspenarchive
217578,view
217578,imf
217578,5ycpi
217578,initial
217578,sorting
216428,aspen
216428,domino
216428,should
216428,be
216428,with
216428,numbers
216428,analysis
216428,2
216428,ltm
216428,summarytrending
216428,formatted
216428,decimal
216428,places
180198,aspen
180198,domino
180198,research
180198,technical details needed
180198,entity
180198,research entity
180198,merge
180198,manage
235925,aspen
235925,domino
235925,parallel
235925,outstanding
235925,research
235925,entity
235925,research entity
235925,merge
235925,manage
216517,aspen
216517,domino
216517,model
216517,analyst
216517,pd
216517,dropdown
216517,adjustment
216517,disable
213312,aspen
213312,domino
213312,assets
213312,on
213312,asset
213312,new
213312,columns
213312,screen
213312,deal pipeline
213312,pipelineadd
215863,aspen
215863,domino
215863,to
215863,for
215863,the
215863,add
215863,from
215863,models
215863,financial
215863,preferences
215863,thousands
215863,amounts
215863,preference
215863,converting
218277,aspen
218277,domino
218277,fields
218277,with
218277,values
218277,issuer
218277,request
218277,include
218277,null
225313,aspen
225313,domino
225313,to
225313,a
225313,when
225313,is
225313,issuer
225313,create
225313,request
225313,notification
225313,send
225313,app
225313,made
225313,rtc
216638,aspen
216638,domino
216638,to
216638,the
216638,add
216638,ability
216638,settings
216638,viewsave
216638,region
214990,aspen
214990,domino
214990,the
214990,tab
214990,when
214990,notification
214990,error
214990,summary
214990,loading
217201,aspen
217201,domino
217201,for
217201,and
217201,research
217201,esg
217201,entity
217201,create
217201,uat
217201,release
217201,workarounds
225270,aspen
225270,domino
225270,not
225270,on
225270,commentary
225270,a
225270,are
225270,documents
225270,ui
225270,after
225270,them
225270,uploading
225270,displayed
225265,aspen
225265,domino
225265,to
225265,ui
225265,sub
225265,settings
225265,teams
225265,rename
230632,aspen
230632,domino
230632,parallel
230632,aspenarchive
230632,outstanding
230632,high yield
230632,not
230632,assets
230632,add
230632,button
230632,working
235341,aspen
235341,domino
235341,parallel
235341,outstanding
235341,bond
235341,wrong
235341,susteinable
235341,spelt
233479,aspen
233479,domino
233479,parallel
233479,aspenarchive
233479,outstanding
233479,in
233479,not
233479,assets
233479,capital solutions
233479,from
233479,is
233479,value
233479,below
233479,screen
233479,under
233479,aladdin
233479,bond
233479,coupon
233479,flowing
233479,shot
228437,aspen
228437,domino
228437,parallel
228437,aspenarchive
228437,outstanding
228437,in
228437,capital solutions
228437,of
228437,missing
228437,is
228437,general
228437,list
228437,names
228437,abhi
228437,bothra
228437,terreal
228437,his
231560,aspen
231560,domino
231560,parallel
231560,aspenarchive
231560,outstanding
231560,to
231560,for
231560,the
231560,global equities
231560,upload
231560,analyst
231560,models
231560,ability
231560,through
231560,secondary
231560,period
230635,aspen
230635,domino
230635,parallel
230635,aspenarchive
230635,to
230635,high yield
230635,and
230635,in
230635,a
230635,into
230635,hit
230635,ability
230635,type
230635,thousands
230635,number
230635,m
230635,millions
230635,k
230635,transform
230087,aspen
230087,domino
230087,parallel
230087,aspenarchive
230087,outstanding
230087,to
230087,and
230087,in
230087,a
230087,into
230087,hit
230087,ability
230087,type
230087,cell
230087,thousands
230087,number
230087,m
230087,millions
230087,k
230087,transform
231768,aspen
231768,domino
231768,parallel
231768,aspenarchive
231768,outstanding
231768,to
231768,credit
231768,access
231768,folders
231564,aspen
231564,domino
231564,parallel
231564,aspenarchive
231564,outstanding
231564,to
231564,for
231564,global equities
231564,models
231564,access
231564,important
231564,bloomberg
231564,rules
233487,aspen
233487,domino
233487,parallel
233487,aspenarchive
233487,outstanding
233487,to
233487,for
233487,capital solutions
233487,capital
233487,tab
233487,add
233487,structure
233487,be
233487,gpf
233487,financials
233487,closing
233487,close
233487,day 2
233487,at
233487,similar
233487,viewwill
233487,used
233459,aspen
233459,domino
233459,parallel
233459,aspenarchive
233459,outstanding
233459,for
233459,high yield
233459,and
233459,on
233459,add
233459,deal
233459,as
233459,down
233459,workflow
233459,drop
233459,sp
233459,moodys
233459,dropdowns
233459,nr
233459,options
236213,aspen
236213,domino
236213,parallel
236213,aspenarchive
236213,outstanding
236213,to
236213,for
236213,the
236213,assets
236213,capital solutions
236213,on
236213,tab
236213,a
236213,add
236213,new
236213,business details needed
236213,column
236213,grids
236213,coupon
236214,aspen
236214,domino
236214,parallel
236214,aspenarchive
236214,outstanding
236214,to
236214,for
236214,the
236214,assets
236214,capital solutions
236214,on
236214,tab
236214,a
236214,add
236214,new
236214,business details needed
236214,column
236214,grids
236214,so
236215,aspen
236215,domino
236215,parallel
236215,aspenarchive
236215,outstanding
236215,to
236215,for
236215,the
236215,assets
236215,capital solutions
236215,on
236215,tab
236215,a
236215,add
236215,new
236215,business details needed
236215,column
236215,grids
236215,spread
233489,aspen
233489,domino
233489,parallel
233489,aspenarchive
233489,outstanding
233489,to
233489,for
233489,the
233489,assets
233489,capital solutions
233489,on
233489,tab
233489,a
233489,add
233489,new
233489,business details needed
233489,column
233489,grids
233489,tc
223454,aspen
223454,domino
223454,aspenarchive
223454,for
223454,the
223454,on
223454,a
223454,add
223454,new
223454,values
223454,api
223454,enterprise
223454,solution
223454,managing
223454,audit
221303,aspen
221303,domino
221303,aspenarchive
221303,to
221303,assets
221303,asset
221303,add
221303,request
221303,ability
221303,cancel
236397,aspen
236397,domino
236397,parallel
236397,outstanding
236397,to
236397,and
236397,asset
236397,add
236397,issuer
236397,create
236397,request
236397,an
236397,expedite
236397,flag
236397,forms
213369,aspen
213369,domino
213369,for
213369,add
213369,financials
213369,closing
213369,columns
213369,editable
233166,aspen
233166,domino
233166,parallel
233166,aspenarchive
233166,outstanding
233166,in
233166,add
233166,emerging markets corporate debt
233166,em
233166,corps
233166,lists
233166,distrobution
215951,aspen
215951,domino
215951,to
215951,add
215951,field
215951,fundamental data
215951,logic
215951,movement
233580,aspen
233580,domino
233580,for
233580,add
233580,new
233580,update
233580,documents
233580,financial
233580,endpoint
230463,aspen
230463,domino
230463,for
230463,assets
230463,on
230463,add
230463,corp
230463,ig
230463,investment grade corporates
230463,preferences
230463,investment grade securitized
230463,assetprofile
230463,showcoresector
230463,sec
227374,aspen
227374,domino
227374,to
227374,tab
227374,add
227374,document
227374,date
227374,submitted
233189,aspen
233189,domino
233189,parallel
233189,aspenarchive
233189,outstanding
233189,to
233189,high yield
233189,assets
233189,tab
233189,add
233189,with
233189,technical details needed
233189,column
233189,tc
233189,total
233189,at
233189,bottom
232592,aspen
232592,domino
232592,aspenarchive
232592,for
232592,assets
232592,asset
232592,research
232592,service
232592,bus
232592,message
232592,addition
232592,level
232592,metrics
236428,aspen
236428,domino
236428,parallel
236428,outstanding
236428,high yield
236428,ic
236428,limit
236428,albion
236428,financing
236429,aspen
236429,domino
236429,parallel
236429,outstanding
236429,high yield
236429,issues
236429,albion
236429,financing
236429,multiple
235968,aspen
235968,domino
235968,high yield
235968,and
235968,technical details needed
235968,business details needed
235968,seniority
235968,ic
235968,recommendations
235968,allow
235968,level
235968,limits
235923,aspen
235923,domino
235923,to
235923,research
235923,technical details needed
235923,entities
235923,research entity
235923,users
235923,allow
235923,delete
214208,aspen
214208,domino
214208,to
214208,tab
214208,fundamental data
214208,amendments
214208,covenants
227728,aspen
227728,domino
227728,parallel
227728,aspenarchive
227728,in
227728,data
227728,research
227728,load
227728,analyst
227728,entities
227728,assignment
230086,aspen
230086,domino
230086,parallel
230086,aspenarchive
230086,outstanding
230086,in
230086,should
230086,be
230086,analyst
230086,list
230086,order
230086,alphabetical
227754,aspen
227754,domino
227754,parallel
227754,aspenarchive
227754,outstanding
227754,with
227754,values
227754,general
227754,analyst
227754,holdings
227754,actual
227754,seeing
227754,benchmark
227754,mingled
228867,aspen
228867,domino
228867,parallel
228867,aspenarchive
228867,outstanding
228867,from
228867,issuers
228867,general
228867,issue
228867,score
228867,apply
228867,parent
236724,aspen
236724,domino
236724,parallel
236724,outstanding
236724,capital solutions
236724,capital
236724,commentary
236724,solutions
236724,types
236724,bugsmissing
225284,aspen
225284,domino
225284,aspenarchive
225284,investment
225284,api
225284,sector
225284,product:api
225284,hub
225284,core
225284,breakdown
225284,product:apim
225284,product:investmenthubapi
232176,aspen
232176,domino
232176,aspenarchive
232176,hy
232176,pipeline
232175,aspen
232175,domino
232175,aspenarchive
232175,ig
232175,pipeline
236426,aspen
236426,domino
236426,parallel
236426,outstanding
236426,issues
236426,st
236426,24
236426,ahub
236426,reload
236426,feb
236426,27
236426,data management
225318,aspen
225318,domino
225318,and
225318,prod
225318,preprod
225318,deployments
225317,aspen
225317,domino
225317,and
225317,prod
225317,preprod
225317,deployments
225317,checks
215828,aspen
215828,domino
215828,and
215828,not
215828,upload
215828,document
215828,closing
215828,notification
215828,error
215828,st
215828,drawer
215828,stbug
219024,aspen
219024,domino
219024,new
219024,ui
219024,grid
219024,pipeline
219024,columns
219024,deal pipeline
227729,aspen
227729,domino
227729,parallel
227729,aspenarchive
227729,data
227729,assets
227729,asset
227729,load
233491,aspen
233491,domino
233491,parallel
233491,aspenarchive
233491,outstanding
233491,to
233491,assets
233491,capital solutions
233491,asset
233491,fields
233491,technical details needed
233491,level
233491,addkeep
234574,aspen
234574,domino
234574,parallel
234574,aspenarchive
234574,outstanding
234574,assets
234574,capital solutions
234574,global equities
234574,asset
234574,emerging markets corporate debt
234574,issuers
234574,global infrastructure debt
234574,profile
234574,investment grade corporates
234574,global private finance
234574,global structured finance
234574,investment grade securitized
234574,global sovereign
234574,korean equities
234574,korean fixed
234574,private placement
234574,structured credit
234574,bugs
228872,aspen
228872,domino
228872,parallel
228872,aspenarchive
228872,high yield
228872,in
228872,assets
228872,tab
228872,asset
228872,excel
228872,formatting
228872,export
228824,aspen
228824,domino
228824,parallel
228824,assets
228824,tab
228824,asset
228824,general
228824,search
228824,component
228824,work
228824,doesnt
229752,aspen
229752,domino
229752,and
229752,assets
229752,of
229752,showing
229752,assetprofile
229752,protfolio
229752,parsharing
229752,now
230642,aspen
230642,domino
230642,parallel
230642,to
230642,high yield
230642,the
230642,in
230642,assets
230642,tab
230642,of
230642,value
230642,there
230642,defaults
230642,instead
230642,identifier
230642,aladdinsecurityid
230642,bcusip
235342,aspen
235342,domino
235342,parallel
235342,outstanding
235342,to
235342,the
235342,in
235342,assets
235342,tab
235342,of
235342,value
235342,there
235342,defaults
235342,instead
235342,identifier
235342,aladdinsecurityid
235342,bcusip
233490,aspen
233490,domino
233490,parallel
233490,aspenarchive
233490,outstanding
233490,capital solutions
233490,changes
233490,technical details needed
233490,attachment
233490,point
228311,aspen
228311,domino
228311,parallel
228311,outstanding
228311,from
228311,when
228311,general
228311,details
228311,request
228311,engagements
228311,analysts
228311,bad
228311,calling
225247,aspen
225247,domino
225247,assets
225247,asset
225247,barings
225247,name
232186,aspen
232186,domino
232186,parallel
232186,aspenarchive
232186,outstanding
232186,not
232186,credit
232186,barings
232186,grade
232186,calculating
233466,aspen
233466,domino
233466,parallel
233466,aspenarchive
233466,outstanding
233466,to
233466,high yield
233466,be
233466,holdings
233466,portfolio
233466,view
233466,able
233466,full
227703,aspen
227703,domino
227703,commentary
227703,fix
227703,country
227703,bug
230469,aspen
230469,domino
230469,parallel
230469,aspenarchive
230469,outstanding
230469,burnham
230469,pasco
235347,aspen
235347,domino
235347,parallel
235347,outstanding
235347,to
235347,for
235347,the
235347,not
235347,on
235347,of
235347,is
235347,page
235347,credit
235347,portfolio
235347,my
235347,into
235347,down
235347,i
235347,need
235347,click
235347,scroll
235347,shown
235347,any
235347,first
235347,cannot
235347,that
235347,ie
235347,anything
227722,aspen
227722,domino
227722,parallel
227722,aspenarchive
227722,data
227722,research
227722,solutions
227722,load
227722,entities
227722,cap
236589,aspen
236589,domino
236589,fix
236589,cap
236589,str
236589,trailing
236589,subtotals
229953,aspen
229953,domino
229953,parallel
229953,aspenarchive
229953,outstanding
229953,not
229953,capital solutions
229953,capital
229953,solutions
229953,are
229953,pera
229953,legacy
229953,properly
229953,tagged
230893,aspen
230893,domino
230893,parallel
230893,aspenarchive
230893,outstanding
230893,capital solutions
230893,capital
230893,solutions
230893,analyst
230893,removal
229954,aspen
229954,domino
229954,parallel
229954,aspenarchive
229954,outstanding
229954,assets
229954,capital solutions
229954,capital
229954,asset
229954,solutions
229954,tagging
230899,aspen
230899,domino
230899,parallel
230899,aspenarchive
230899,outstanding
230899,capital solutions
230899,capital
230899,structure
230899,solutions
229956,aspen
229956,domino
229956,parallel
229956,aspenarchive
229956,outstanding
229956,capital solutions
229956,capital
229956,solutions
229956,incorrect
229956,names
229956,assigned
229955,aspen
229955,domino
229955,parallel
229955,aspenarchive
229955,outstanding
229955,capital solutions
229955,capital
229955,missing
229955,solutions
229955,names
230896,aspen
230896,domino
230896,parallel
230896,aspenarchive
230896,outstanding
230896,capital solutions
230896,capital
230896,solutions
230896,amounts
230898,aspen
230898,domino
230898,parallel
230898,aspenarchive
230898,outstanding
230898,capital solutions
230898,capital
230898,solutions
230898,price
230898,figures
230895,aspen
230895,domino
230895,parallel
230895,aspenarchive
230895,capital solutions
230895,capital
230895,solutions
230895,team
230895,investment
230895,primary
229952,aspen
229952,domino
229952,parallel
229952,aspenarchive
229952,outstanding
229952,capital solutions
229952,capital
229952,solutions
229952,rtic
229957,aspen
229957,domino
229957,parallel
229957,outstanding
229957,to
229957,capital solutions
229957,capital
229957,solutions
229957,unable
229957,down
229957,scroll
229957,homepage
234160,aspen
234160,domino
234160,parallel
234160,aspenarchive
234160,outstanding
234160,capital solutions
234160,capital
234160,commentary
234160,solutions
234160,types
236632,aspen
236632,domino
236632,parallel
236632,outstanding
236632,capital solutions
236632,capital
236632,commentary
236632,solutions
236632,types
236632,duplicates
232584,aspen
232584,domino
232584,parallel
232584,aspenarchive
232584,outstanding
232584,capital
232584,structure
235974,aspen
235974,domino
235974,to
235974,and
235974,on
235974,capital
235974,structure
235974,when
235974,gpf
235974,close
235974,editor
235974,pressing
235974,enter
235974,return
235974,previous
235974,state
235974,escape
233492,aspen
233492,domino
233492,parallel
233492,aspenarchive
233492,outstanding
233492,to
233492,capital solutions
233492,capital
233492,structure
233492,gpf
233492,changes
233492,day 2
233492,alignment
233492,requested
220357,aspen
220357,domino
220357,for
220357,capital
220357,structure
220357,fundamental data
220357,private
220357,calculations
220357,teams
235368,aspen
235368,domino
235368,aspenarchive
235368,capital
235368,structure
235368,changes
235368,222
216253,aspen
216253,domino
216253,for
216253,capital
216253,structure
216253,gpf
216253,changes
233438,aspen
233438,domino
233438,parallel
233438,aspenarchive
233438,outstanding
233438,high yield
233438,assets
233438,capital
233438,structure
233438,leverage
233438,calculations
233430,aspen
233430,domino
233430,parallel
233430,aspenarchive
233430,outstanding
233430,to
233430,high yield
233430,not
233430,on
233430,capital
233430,tab
233430,structure
233430,value
233430,reporting
233430,overview
233430,ccy
233430,defaults
233430,defaulting
233430,input
228109,aspen
228109,domino
228109,parallel
228109,aspenarchive
228109,outstanding
228109,for
228109,in
228109,tab
228109,global equities
228109,excel
228109,addin
228109,carbon
228109,cost
219237,aspen
219237,domino
219237,to
219237,in
219237,commentary
219237,fundamental data
219237,change
219237,subject
219237,header
219237,title
219236,aspen
219236,domino
219236,aspenarchive
219236,to
219236,in
219236,of
219236,gpf
219236,fundamental data
219236,change
219236,no
219236,formatting
219236,numbers
219236,or
219236,1s
219236,abbreviation
219236,ms
219236,ks
233230,aspen
233230,domino
233230,parallel
233230,aspenarchive
233230,to
233230,value
233230,change
233230,market
233230,investment grade corporates
233230,full
233230,aspen data load
233230,flat
233469,aspen
233469,domino
233469,parallel
233469,aspenarchive
233469,outstanding
233469,to
233469,for
233469,assets
233469,capital solutions
233469,on
233469,new
233469,team
233469,investment
233469,change
233469,service
233469,bus
233469,message
233469,aladdin
233455,aspen
233455,domino
233455,parallel
233455,aspenarchive
233455,outstanding
233455,to
233455,for
233455,high yield
233455,tab
233455,asset
233455,change
233455,yield
233455,worst
222217,aspen
222217,domino
222217,for
222217,the
222217,and
222217,fields
222217,update
222217,all
222217,excel
222217,check
222217,file
222217,preferencesmatrix
233464,aspen
233464,domino
233464,parallel
233464,aspenarchive
233464,outstanding
233464,high yield
233464,data
233464,value
233464,portfolio
233464,check
233464,so
233464,tc
233464,sc
233464,source
237110,aspen
237110,domino
237110,aspenarchive
237110,and
237110,check
237110,pp
237110,azfunc
237110,appinsights
237111,aspen
237111,domino
237111,aspenarchive
237111,and
237111,check
237111,azfunc
237111,appinsights
237111,pr
222049,aspen
222049,domino
222049,the
222049,and
222049,on
222049,update
222049,check
222049,preferences
222049,st
222049,uat
222049,ut
236682,aspen
236682,domino
236682,parallel
236682,outstanding
236682,data
236682,capital
236682,new
236682,solutions
236682,load
236682,with
236682,up
236682,clean
236410,aspen
236410,domino
236410,parallel
236410,outstanding
236410,data
236410,new
236410,em
236410,load
236410,with
236410,corps
236410,up
236410,clean
236688,aspen
236688,domino
236688,parallel
236688,outstanding
236688,data
236688,new
236688,load
236688,with
236688,credit
236688,up
236688,structured
236688,clean
227768,aspen
227768,domino
227768,changes
227768,financials
227768,closing
227768,additional
214206,aspen
214206,domino
214206,fundamental data
214206,financials
214206,closing
214206,amendments
219238,aspen
219238,domino
219238,changes
219238,fundamental data
219238,financials
219238,closing
219238,ui
225242,aspen
225242,domino
225242,changes
225242,fundamental data
225242,financials
225242,closing
225242,reporting
225242,leverage
225242,24
225242,january
228441,aspen
228441,domino
228441,parallel
228441,aspenarchive
228441,not
228441,commentary
228441,investment grade corporates
228441,leverage
228441,aspen data load
228441,calculating
228866,aspen
228866,domino
228866,parallel
228866,aspenarchive
228866,outstanding
228866,high yield
228866,commentary
228866,notification
228866,notifications
228866,enhancement
233452,aspen
233452,domino
233452,parallel
233452,aspenarchive
233452,outstanding
233452,for
233452,high yield
233452,the
233452,and
233452,on
233452,commentary
233452,should
233452,fields
233452,credit
233452,update
233452,analyst
233452,notification
233452,both
233452,include
233452,made
233452,who
228814,aspen
228814,domino
228814,parallel
228814,aspenarchive
228814,outstanding
228814,commentary
228814,comments
231561,aspen
231561,domino
231561,parallel
231561,aspenarchive
231561,outstanding
231561,the
231561,and
231561,global equities
231561,value
231561,market
231561,incorrect
231561,yield
231561,company
231561,overview
231561,below
231561,both
231561,dividend
231561,cell
231561,row
227727,aspen
227727,domino
227727,parallel
227727,aspenarchive
227727,data
227727,load
227727,corp
227727,ig
227727,company
227727,recommendations
219863,aspen
219863,domino
219863,configure
219863,keyvaults
219867,aspen
219867,domino
219867,aspenarchive
219867,search
219867,configure
219866,aspen
219866,domino
219866,configure
219866,signalr
229950,aspen
229950,domino
229950,parallel
229950,aspenarchive
229950,outstanding
229950,and
229950,data
229950,emerging markets corporate debt
229950,em
229950,issuers
229950,corps
229950,issues
229950,sector
229950,cor
210170,aspen
210170,domino
210170,aspenarchive
210170,not
210170,assets
210170,through
210170,country
210170,pulling
233443,aspen
233443,domino
233443,parallel
233443,aspenarchive
233443,outstanding
233443,not
233443,engagements
233443,country
233443,global sovereign
233443,saving
230633,aspen
230633,domino
230633,parallel
230633,aspenarchive
230633,high yield
230633,of
230633,issuers
230633,issuer
230633,country
230633,risk
230633,countries
225243,aspen
225243,domino
225243,changes
225243,fundamental data
225243,formatting
225243,24
225243,covenants
225243,january
212308,aspen
212308,domino
212308,to
212308,for
212308,data
212308,a
212308,create
212308,quest
212308,view
212308,filter
212308,next
212308,result
212308,widget
212308,ready
219600,aspen
219600,domino
219600,aspenarchive
219600,for
219600,create
219600,additional
219600,api
219600,environment
219600,resources
236820,aspen
236820,domino
236820,for
236820,data
236820,from
236820,issuer
236820,create
236820,holdings
236820,business details needed
236820,an
236820,folder
236820,separate
236820,kinetik
236820,inc
236820,lp
236820,thats
236820,apache
214892,aspen
214892,domino
214892,the
214892,in
214892,data
214892,tab
214892,page
214892,create
214892,quest
214892,dashboard
214896,aspen
214896,domino
214896,in
214896,page
214896,create
214896,grid
214896,home
214896,component
214896,dashboard
214896,dataquest
233463,aspen
233463,domino
233463,parallel
233463,outstanding
233463,high yield
233463,not
233463,credit
233463,email
233463,grade
233463,sent
233463,updating
233463,amer
233463,sports
233463,example
233463,via
233172,aspen
233172,domino
233172,parallel
233172,outstanding
233172,high yield
233172,credit
233172,as
233172,crossteam
233172,monitoring
233172,eg
233172,adventures
231565,aspen
231565,domino
231565,parallel
231565,aspenarchive
231565,outstanding
231565,to
231565,for
231565,global equities
231565,fields
231565,update
231565,aladdin
231565,process
231565,certain
231565,daily
231565,batch
233445,aspen
233445,domino
233445,parallel
233445,aspenarchive
233445,outstanding
233445,data
233445,global equities
233445,fields
233445,into
233445,barings
233445,feed
233445,refinitiv
233177,aspen
233177,domino
233177,parallel
233177,outstanding
233177,data
233177,quest
233177,development
233177,data quest
233177,v01
235266,aspen
235266,domino
235266,parallel
235266,outstanding
235266,data
235266,quest
235266,development
235266,data quest
235266,v02
235267,aspen
235267,domino
235267,parallel
235267,outstanding
235267,data
235267,quest
235267,development
235267,data quest
235267,v03
235268,aspen
235268,domino
235268,parallel
235268,outstanding
235268,data
235268,quest
235268,development
235268,data quest
235268,v04
218324,aspen
218324,domino
218324,for
218324,changes
218324,database
218324,default
218324,pipelinesapi
218324,updated
218324,recovery
218324,db
218324,script
228860,aspen
228860,domino
228860,parallel
228860,aspenarchive
228860,high yield
228860,deal
228860,workflow
228860,enhancements
228860,2
228860,day
233439,aspen
233439,domino
233439,parallel
233439,aspenarchive
233439,outstanding
233439,to
233439,high yield
233439,not
233439,a
233439,should
233439,with
233439,deal
233439,are
233439,save
233439,close
233439,workflow
233439,you
233439,it
233439,an
233439,click
233439,if
233439,off
233439,unless
233439,prompted
233439,sure
233439,want
233439,quit
219784,aspen
219784,domino
219784,to
219784,prod
219784,deploy
219784,azure
219784,functions
219784,pre
219864,aspen
219864,domino
219864,deploy
219864,functions
219865,aspen
219865,domino
219865,create
219865,files
219865,deploy
219865,environment
219865,static
219865,web
219865,apps
233196,aspen
233196,domino
233196,parallel
233196,aspenarchive
233196,outstanding
233196,upload
233196,document
233196,global infrastructure debt
233196,private placements
233196,date
222457,aspen
222457,domino
222457,documents
222457,date
222457,synapse
222457,creation
222457,migration
222457,original
217121,aspen
217121,domino
217121,page
217121,grid
217121,home
217121,integration
217121,dq
228357,aspen
228357,domino
228357,parallel
228357,aspenarchive
228357,outstanding
228357,in
228357,general
228357,analyst
228357,names
228357,duplicate
228357,dropdowns
233482,aspen
233482,domino
233482,parallel
233482,aspenarchive
233482,outstanding
233482,in
233482,assets
233482,capital solutions
233482,tab
233482,duplicate
233482,displaying
233362,aspen
233362,domino
233362,email
233362,duplicate
233476,aspen
233476,domino
233476,parallel
233476,aspenarchive
233476,outstanding
233476,capital solutions
233476,holdings
233476,duplicate
233476,under
233476,certain
233476,portfolios
236206,aspen
236206,domino
236206,editing
236206,comments
236206,published
229312,aspen
229312,domino
229312,parallel
229312,aspenarchive
229312,tab
229312,emerging markets corporate debt
229312,em
229312,corp
229312,search
229312,additional
229311,aspen
229311,domino
229311,parallel
229311,aspenarchive
229311,tab
229311,emerging markets corporate debt
229311,em
229311,corp
229311,additional
229309,aspen
229309,domino
229309,parallel
229309,aspenarchive
229309,commentary
229309,emerging markets corporate debt
229309,em
229309,corp
229309,full
229309,text
229309,emailed
229268,aspen
229268,domino
229268,parallel
229268,aspenarchive
229268,outstanding
229268,emerging markets corporate debt
229268,em
229268,corp
229268,family
229268,tree
229268,cleanup
229314,aspen
229314,domino
229314,parallel
229314,aspenarchive
229314,emerging markets corporate debt
229314,em
229314,corp
229314,holdings
229314,firm
229314,wide
229313,aspen
229313,domino
229313,parallel
229313,outstanding
229313,not
229313,emerging markets corporate debt
229313,em
229313,page
229313,corp
229313,filter
229313,home
229313,working
227724,aspen
227724,domino
227724,parallel
227724,aspenarchive
227724,data
227724,research
227724,em
227724,load
227724,corp
227724,entities
230095,aspen
230095,domino
230095,parallel
230095,aspenarchive
230095,outstanding
230095,emerging markets corporate debt
230095,em
230095,column
230095,refresh
230095,corporates
230095,product:aspenworkflow
229272,aspen
229272,domino
229272,parallel
229272,aspenarchive
229272,outstanding
229272,commentary
229272,emerging markets corporate debt
229272,em
229272,corps
229272,emailed
229242,aspen
229242,domino
229242,parallel
229242,aspenarchive
229242,outstanding
229242,emerging markets corporate debt
229242,em
229242,corps
229242,excel
229242,file
233234,aspen
233234,domino
233234,parallel
233234,aspenarchive
233234,outstanding
233234,to
233234,emerging markets corporate debt
233234,em
233234,corps
233234,change
233234,decline
233234,sell
233233,aspen
233233,domino
233233,parallel
233233,aspenarchive
233233,outstanding
233233,data
233233,from
233233,emerging markets corporate debt
233233,em
233233,load
233233,general
233233,corps
233233,file
233233,natalias
229949,aspen
229949,domino
229949,parallel
229949,aspenarchive
229949,for
229949,emerging markets corporate debt
229949,em
229949,corps
229949,email
229949,lists
229949,distribution
222444,aspen
222444,domino
222444,for
222444,and
222444,email
222444,notifications
222444,st
222444,uat
222444,setup
233570,aspen
233570,domino
233570,email
233570,notifications
233570,template
233570,feedback
229140,aspen
229140,domino
229140,parallel
229140,aspenarchive
229140,outstanding
229140,notifications
229140,emailing
229140,notes
228115,aspen
228115,domino
228115,parallel
228115,aspenarchive
228115,commentary
228115,emerging markets corporate debt
228115,out
228115,emailing
230378,aspen
230378,domino
230378,in
230378,commentary
230378,email
230378,enable
230378,content
235343,aspen
235343,domino
235343,parallel
235343,outstanding
235343,and
235343,in
235343,missing
235343,values
235343,are
235343,search
235343,down
235343,list
235343,drop
235343,agent
235343,bank
235343,enable
235343,admin
235343,alphabetize
235336,aspen
235336,domino
235336,parallel
235336,outstanding
235336,error
235336,message
235336,engagement
235336,limit
235336,character
235336,blank
235336,max
235579,aspen
235579,domino
235579,parallel
235579,aspenarchive
235579,outstanding
235579,not
235579,data
235579,from
235579,engagement
235579,imported
235579,esgenius
229737,aspen
229737,domino
229737,to
229737,change
229737,engagements
229737,description
229737,nvarcharmax
229951,aspen
229951,domino
229951,parallel
229951,for
229951,not
229951,on
229951,global structured finance
229951,engagements
229951,saving
229951,countries
231718,aspen
231718,domino
231718,parallel
231718,aspenarchive
231718,outstanding
231718,midstream
231718,enlink
231718,partners
228474,aspen
228474,domino
228474,and
228474,data
228474,agent
228474,bank
228474,enterprise
228474,admin
234637,aspen
234637,domino
234637,parallel
234637,aspenarchive
234637,outstanding
234637,capital
234637,structure
234637,midstream
234637,eqm
213129,aspen
213129,domino
213129,equity
213129,upload
222265,aspen
222265,domino
222265,issuers
222265,esg
222265,issuer
222265,integration
222265,drawer
222265,sfdr
219742,aspen
219742,domino
219742,tab
219742,esg
219742,overview
219742,restyle
219745,aspen
219745,domino
219745,tab
219745,esg
219745,restyle
235683,aspen
235683,domino
235683,parallel
235683,aspenarchive
235683,outstanding
235683,high yield
235683,not
235683,from
235683,esg
235683,inheritance
235683,applied
235683,splitted
235683,234594
234594,aspen
234594,domino
234594,parallel
234594,outstanding
234594,for
234594,high yield
234594,the
234594,on
234594,missing
234594,page
234594,esg
234594,grid
234594,date
234594,companies
234594,next
234594,review
234594,landing
234594,inherited
216914,aspen
216914,domino
216914,for
216914,research
216914,team
216914,esg
216914,entity
216914,esg  ratings
216914,primary
231371,aspen
231371,domino
231371,parallel
231371,aspenarchive
231371,outstanding
231371,esg
231371,error
231371,score
230256,aspen
230256,domino
230256,parallel
230256,aspenarchive
230256,outstanding
230256,in
230256,esg
230256,general
230256,scores
236867,aspen
236867,domino
236867,parallel
236867,in
236867,esg
236867,esg  ratings
236867,scores
236867,aspen parallel general
232580,aspen
232580,domino
232580,parallel
232580,aspenarchive
232580,outstanding
232580,esg
232580,service
232580,bus
232580,message
232580,enhancement
227300,aspen
227300,domino
227300,aspenarchive
227300,after
227300,token
227300,exceladdinsecurity
227300,expires
227300,30minutes
227300,excel plugin
233163,aspen
233163,domino
233163,parallel
233163,aspenarchive
233163,outstanding
233163,to
233163,global equities
233163,price
233163,adjustment
233163,exdividend
233163,target
233480,aspen
233480,domino
233480,parallel
233480,aspenarchive
233480,outstanding
233480,to
233480,not
233480,assets
233480,capital solutions
233480,a
233480,research
233480,issuers
233480,with
233480,issuer
233480,entity
233480,holdings
233480,are
233480,all
233480,family
233480,tree
233480,but
233480,mapping
233480,where
233480,correctly
233480,appear
233480,exist
233444,aspen
233444,domino
233444,parallel
233444,aspenarchive
233444,outstanding
233444,global equities
233444,field
233444,formatting
233444,etc
233444,bvps
233444,eps
233444,consensus
233444,dps
225397,aspen
225397,domino
225397,aspenarchive
225397,on
225397,of
225397,fields
225397,values
225397,issuer
225397,instead
225397,creation
225397,null
225397,0
225397,sending
213066,aspen
213066,domino
213066,ratings
213066,filter
213066,external
215044,aspen
215044,domino
215044,data
215044,team
215044,investment
215044,private
215044,financial
236379,aspen
236379,domino
236379,parallel
236379,outstanding
236379,high yield
236379,on
236379,asset
236379,field
236379,pipeline
236379,price
236379,spread
236379,fix
236379,stock
236379,spelling
236586,aspen
236586,domino
236586,for
236586,upload
236586,document
236586,issue
236586,fix
236586,enablesavechanges
235344,aspen
235344,domino
235344,parallel
235344,outstanding
235344,in
235344,on
235344,tab
235344,new
235344,fields
235344,deal
235344,spacing
235344,fixed
233186,aspen
233186,domino
233186,parallel
233186,outstanding
233186,to
233186,for
233186,high yield
233186,the
233186,and
233186,in
233186,of
233186,is
233186,holdings
233186,all
233186,excel
233186,list
233186,it
233186,need
233186,data quest
233186,sub
233186,bug
233186,but
233186,we
233186,functionality
233186,currently
233186,blue
233186,flagged
233186,monday
233186,address
233186,download
233186,scrapes
233186,emboldened
233186,headers
233186,difficult
233186,format
233186,read
236326,aspen
236326,domino
236326,not
236326,folder
236326,opening
228869,aspen
228869,domino
228869,parallel
228869,aspenarchive
228869,to
228869,for
228869,high yield
228869,in
228869,template
228869,review
228869,bms
228869,formulas
228869,andreea
230630,aspen
230630,domino
230630,parallel
230630,aspenarchive
230630,outstanding
230630,high yield
230630,the
230630,on
230630,deal
230630,analyst
230630,have
230630,text
230630,limits
230630,character
230630,description
230630,shouldnt
230630,free
230630,form
230630,boxes
230630,rec
230630,aly
235337,aspen
235337,domino
235337,parallel
235337,outstanding
235337,on
235337,deal
235337,analyst
235337,have
235337,text
235337,them
235337,limits
235337,character
235337,description
235337,shouldnt
235337,free
235337,form
235337,boxes
235337,rec
233195,aspen
233195,domino
233195,parallel
233195,aspenarchive
233195,outstanding
233195,for
233195,high yield
233195,data
233195,my
233195,fundamental
233195,models
233195,credits
233195,there
233195,empty
233195,mostly
233195,despite
233195,being
230634,aspen
230634,domino
230634,parallel
230634,aspenarchive
230634,outstanding
230634,high yield
230634,and
230634,in
230634,issuers
230634,should
230634,be
230634,fields
230634,issue
230634,amount
230634,millions
230634,funded
228202,aspen
228202,domino
228202,parallel
228202,aspenarchive
228202,outstanding
228202,in
228202,missing
228202,issuers
228202,global infrastructure debt
228202,portfolio
228202,private placements
228202,my
228202,gid
228202,issuercredit
227720,aspen
227720,domino
227720,parallel
227720,aspenarchive
227720,data
227720,research
227720,global
227720,equity
227720,load
227720,entities
227721,aspen
227721,domino
227721,parallel
227721,aspenarchive
227721,data
227721,research
227721,gpf
227721,load
227721,entities
236449,aspen
236449,domino
236449,asset
236449,gpf
236449,changes
236449,profile
236449,global private finance
236449,228
233920,aspen
233920,domino
233920,capital
233920,structure
233920,should
233920,gpf
233920,have
233920,filtering
214141,aspen
214141,domino
214141,gpf
214141,page
214141,field
214141,home
214141,removals
226640,aspen
226640,domino
226640,aspenarchive
226640,gpf
226640,changes
226640,issuer
226640,profile
236451,aspen
236451,domino
236451,gpf
236451,changes
236451,reporting
236451,global private finance
236451,leverage
236451,228
235345,aspen
235345,domino
235345,parallel
235345,outstanding
235345,to
235345,for
235345,and
235345,on
235345,commentary
235345,a
235345,is
235345,team
235345,credit
235345,have
235345,email
235345,i
235345,after
235345,send
235345,through
235345,lists
235345,there
235345,out
235345,distribution
235345,our
235345,savedpublished
235345,nothing
235345,populated
235345,notice
235345,manually
235345,entered
235345,has
235345,come
235353,aspen
235353,domino
235353,parallel
235353,outstanding
235353,not
235353,on
235353,tab
235353,holdings
235353,portfolio
235353,my
235353,appearing
235346,aspen
235346,domino
235346,parallel
235346,outstanding
235346,to
235346,for
235346,the
235346,on
235346,a
235346,of
235346,when
235346,with
235346,page
235346,credit
235346,have
235346,down
235346,list
235346,home
235346,you
235346,it
235346,an
235346,up
235346,click
235346,scroll
235346,just
235346,bottom
235346,first
235346,towards
235346,jumps
235346,back
235346,starting
231567,aspen
231567,domino
231567,parallel
231567,aspenarchive
231567,outstanding
231567,to
231567,high yield
231567,from
231567,technical details needed
231567,change
231567,hy
231567,recommendations
231567,needs
231567,metric
231567,events
231567,movements
231567,buy
231567,stc
228863,aspen
228863,domino
228863,parallel
228863,aspenarchive
228863,high yield
228863,and
228863,assets
228863,capital
228863,structure
228863,hy
228863,enhancements
233173,aspen
233173,domino
233173,outstanding
233173,hy
233173,enhancement
233173,voting
233173,log
233173,aspen day 2
235354,aspen
235354,domino
235354,parallel
235354,outstanding
235354,for
235354,the
235354,and
235354,in
235354,data
235354,tab
235354,when
235354,missing
235354,holdings
235354,search
235354,portfolio
235354,have
235354,my
235354,issues
235354,no
235354,i
235354,fundamental
235354,credits
235354,assigned
235354,same
235354,experience
235354,regarding
235352,aspen
235352,domino
235352,parallel
235352,outstanding
235352,to
235352,in
235352,is
235352,as
235352,holdings
235352,i
235352,see
235352,this
235352,everest
235352,fx
235352,rates
235352,total
235352,due
235352,usd
235352,8808m
235352,vs
235352,8789m
235352,different
227719,aspen
227719,domino
227719,parallel
227719,aspenarchive
227719,data
227719,research
227719,load
227719,corp
227719,entities
227719,ig
230254,aspen
230254,domino
230254,parallel
230254,aspenarchive
230254,outstanding
230254,ig
230254,investment grade corporates
230254,corporates
230254,customers
230254,bancorp
213551,aspen
213551,domino
213551,to
213551,data
213551,update
213551,database
213551,imf
213551,scrapped
236450,aspen
236450,domino
236450,capital
236450,structure
236450,incorrect
236450,global private finance
236450,calculations
236450,row
236450,subtotal
230860,aspen
230860,domino
230860,parallel
230860,aspenarchive
230860,outstanding
230860,entity
230860,incorrect
230860,legal
228438,aspen
228438,domino
228438,parallel
228438,aspenarchive
228438,outstanding
228438,to
228438,data
228438,general
228438,enterprise
228438,currently
228438,defaulting
228438,industries
228438,paper
226632,aspen
226632,domino
226632,for
226632,and
226632,assets
226632,on
226632,asset
226632,new
226632,issuers
226632,request
226632,issue
226632,prod
226632,token
226632,pre
226632,investigate
226632,isser
228777,aspen
228777,domino
228777,parallel
228777,aspenarchive
228777,outstanding
228777,assets
228777,issuers
228777,issue
228777,adding
231016,aspen
231016,domino
231016,parallel
231016,aspenarchive
231016,outstanding
231016,in
231016,data
231016,missing
231016,issuers
231016,issuer
231016,hub
233171,aspen
233171,domino
233171,parallel
233171,aspenarchive
233171,outstanding
233171,capital solutions
233171,issuer
233171,profile
233171,pera
233171,classifications
233673,aspen
233673,domino
233673,parallel
233673,outstanding
233673,capital solutions
233673,issuer
233673,technical details needed
233673,profile
233673,reporting
233674,aspen
233674,domino
233674,parallel
233674,outstanding
233674,capital solutions
233674,kfiskpis
236692,aspen
236692,domino
236692,business details needed
236692,kfiskpis
235580,aspen
235580,domino
235580,parallel
235580,aspenarchive
235580,outstanding
235580,the
235580,in
235580,not
235580,global
235580,team
235580,equity
235580,are
235580,korean
235580,members
235580,included
233458,aspen
233458,domino
233458,parallel
233458,aspenarchive
233458,outstanding
233458,to
233458,high yield
233458,and
233458,on
233458,from
233458,research
233458,values
233458,deal
233458,entity
233458,need
233458,summary
233458,agent
233458,bank
233458,deal pipeline
233458,sponsor
233458,latest
233458,populate
230873,aspen
230873,domino
230873,parallel
230873,aspenarchive
230873,outstanding
230873,data
230873,issuers
230873,issues
230873,pera
230873,legacy
227771,aspen
227771,domino
227771,and
227771,changes
227771,reporting
227771,additional
227771,leverage
227771,pd
227771,score
233174,aspen
233174,domino
233174,parallel
233174,outstanding
233174,to
233174,high yield
233174,structure
233174,amount
233174,cap
233174,funded
233174,link
228435,aspen
228435,domino
228435,parallel
228435,aspenarchive
228435,outstanding
228435,global equities
228435,changes
228435,general
228435,aspen data load
228435,user
228435,marios
235340,aspen
235340,domino
235340,parallel
235340,outstanding
235340,market
235340,incorrect
235340,recommendations
235340,weight
230773,aspen
230773,domino
230773,parallel
230773,aspenarchive
230773,outstanding
230773,merge
230773,folders
219475,aspen
219475,domino
219475,to
219475,research
219475,with
219475,entity
219475,document
219475,work
219475,migrate
219475,20
219475,eduard
230496,aspen
230496,domino
230496,parallel
230496,aspenarchive
230496,outstanding
230496,missing
230496,credit
235348,aspen
235348,domino
235348,parallel
235348,outstanding
235348,data
235348,from
235348,global
235348,missing
235348,everest
235348,historical
235348,thom
235348,groupone
230418,aspen
230418,domino
230418,parallel
230418,aspenarchive
230418,outstanding
230418,missing
230418,models
233457,aspen
233457,domino
233457,parallel
233457,aspenarchive
233457,outstanding
233457,missing
233457,global infrastructure debt
233457,private placements
233457,ratings
233457,esg  ratings
233457,etc
233457,kroll
233457,dbrs
233236,aspen
233236,domino
233236,parallel
233236,aspenarchive
233236,outstanding
233236,assets
233236,on
233236,asset
233236,emerging markets corporate debt
233236,missing
233236,em
233236,value
233236,corps
233236,profile
233236,recommendation
233236,relative
233236,outlook
233451,aspen
233451,domino
233451,parallel
233451,aspenarchive
233451,outstanding
233451,to
233451,high yield
233451,the
233451,and
233451,on
233451,add
233451,from
233451,when
233451,values
233451,model
233451,my
233451,you
233451,so
233451,template
233451,review
233451,we
233451,adding
233451,0
233451,bms
233451,formulas
233451,can
233451,attached
233451,some
233451,trying
233451,downloaded
233451,existing
233451,kept
233451,offer
233451,guidance
235335,aspen
235335,domino
235335,parallel
235335,outstanding
235335,to
235335,model
235335,links
235335,factsetbloomberg
233460,aspen
233460,domino
233460,parallel
233460,aspenarchive
233460,outstanding
233460,high yield
233460,not
233460,capital
233460,structure
233460,upload
233460,model
233460,into
233460,did
233460,flow
227790,aspen
227790,domino
227790,parallel
227790,aspenarchive
227790,high yield
227790,upload
227790,model
227790,fail
227789,aspen
227789,domino
227789,parallel
227789,aspenarchive
227789,high yield
227789,upload
227789,model
227789,failed
233447,aspen
233447,domino
233447,parallel
233447,aspenarchive
233447,outstanding
233447,global equities
233447,upload
233447,model
233447,failed
235339,aspen
235339,domino
235339,parallel
235339,outstanding
235339,not
235339,a
235339,should
235339,be
235339,as
235339,expressed
235339,if
235339,modified
235339,duration
235339,macaulay
230640,aspen
230640,domino
230640,parallel
230640,aspenarchive
230640,high yield
230640,formatting
230640,modified
230640,duration
230638,aspen
230638,domino
230638,parallel
230638,aspenarchive
230638,high yield
230638,and
230638,ratings
230638,sp
230638,moodys
230638,distinguish
230638,publicprivate
233185,aspen
233185,domino
233185,parallel
233185,outstanding
233185,to
233185,for
233185,high yield
233185,and
233185,be
233185,ratings
233185,private
233185,need
233185,sp
233185,able
233185,this
233185,between
233185,moodys
233185,we
233185,process
233185,distinguish
233185,public
233185,will
233185,vital
233185,affirmations
215948,aspen
215948,domino
215948,of
215948,gpf
215948,fundamental data
215948,order
215948,tabs
215948,move
229195,aspen
229195,domino
229195,parallel
229195,outstanding
229195,general
229195,portfolio
229195,my
229195,spinning
227396,aspen
227396,domino
227396,parallel
227396,aspenarchive
227396,new
227396,fields
227396,deal
227396,incorrect
227396,spacing
230477,aspen
230477,domino
230477,parallel
230477,aspenarchive
230477,outstanding
230477,to
230477,private
230477,no
230477,access
230477,credits
230477,placements
229372,aspen
229372,domino
229372,parallel
229372,aspenarchive
229372,outstanding
229372,to
229372,not
229372,from
229372,excel
229372,able
229372,paste
233477,aspen
233477,domino
233477,parallel
233477,aspenarchive
233477,outstanding
233477,not
233477,capital solutions
233477,esg
233477,all
233477,esg  ratings
233477,engagements
233477,through
233477,flowing
233477,yet
227906,aspen
227906,domino
227906,parallel
227906,to
227906,not
227906,team
227906,investment
227906,assigned
227906,am
210816,aspen
210816,domino
210816,aspenarchive
210816,not
210816,industries
210816,many
210816,listed
214144,aspen
214144,domino
214144,data
214144,on
214144,private
214144,formatting
214144,fundamental
214144,number
214144,tabs
233470,aspen
233470,domino
233470,parallel
233470,aspenarchive
233470,outstanding
233470,capital solutions
233470,amount
233428,aspen
233428,domino
233428,parallel
233428,aspenarchive
233428,outstanding
233428,high yield
233428,assets
233428,value
233428,pulling
233428,par
233428,eur
233235,aspen
233235,domino
233235,parallel
233235,outstanding
233235,to
233235,commentary
233235,pasting
233235,images
233473,aspen
233473,domino
233473,parallel
233473,aspenarchive
233473,outstanding
233473,global equities
233473,details
233473,calculation
233473,sent
233473,penny
233473,discrepency
233473,rakesh
228365,aspen
228365,domino
228365,parallel
228365,aspenarchive
228365,not
228365,commentary
228365,emerging markets corporate debt
228365,when
228365,are
228365,into
228365,text
228365,visible
228365,original
228365,attached
228365,pictures
228365,pasted
228365,pdf
226679,aspen
226679,domino
226679,for
226679,the
226679,and
226679,commentary
226679,is
226679,save
226679,error
226679,showing
226679,publish
226679,popup
226679,coe: qe
230641,aspen
230641,domino
230641,parallel
230641,aspenarchive
230641,to
230641,high yield
230641,the
230641,in
230641,is
230641,i
230641,view
230641,this
230641,them
230641,use
230641,flat
230641,separate
230641,portfolios
230641,dont
230641,think
230641,comma
230641,creates
230641,confusion
229319,aspen
229319,domino
229319,parallel
229319,outstanding
229319,document
229319,global infrastructure debt
229319,private placements
229319,documents
229319,ppgid
229319,tags
229318,aspen
229318,domino
229318,parallel
229318,aspenarchive
229318,global infrastructure debt
229318,private placements
229318,documents
229318,ppgid
229320,aspen
229320,domino
229320,parallel
229320,aspenarchive
229320,global infrastructure debt
229320,private placements
229320,ppgid
229320,esgratings
229317,aspen
229317,domino
229317,parallel
229317,aspenarchive
229317,global infrastructure debt
229317,private placements
229317,ratings
229317,ppgid
228871,aspen
228871,domino
228871,parallel
228871,aspenarchive
228871,high yield
228871,a
228871,field
228871,price
228871,ccy
228871,this
228871,needs
228871,dont
228871,think
233475,aspen
233475,domino
233475,parallel
233475,aspenarchive
233475,outstanding
233475,not
233475,capital solutions
233475,price
233475,figures
233475,displaying
227346,aspen
227346,domino
227346,parallel
227346,outstanding
227346,fundamental data
227346,issues
227346,priority
227346,1
233168,aspen
233168,domino
233168,parallel
233168,aspenarchive
233168,outstanding
233168,high yield
233168,assets
233168,of
233168,field
233168,investment grade corporates
233168,addition
233168,probability
233168,upgradedowngrade
219873,aspen
219873,domino
219873,to
219873,and
219873,prod
219873,files
219873,pp
219873,provided
219873,manifest
219873,office
219873,365
219871,aspen
219871,domino
219871,aspenarchive
219871,and
219871,with
219871,prod
219871,integration
219871,function
219871,app
219871,product:api
219871,pp
219871,provision
219872,aspen
219872,domino
219872,aspenarchive
219872,in
219872,notification
219872,prod
219872,app
219872,product:api
219872,logic
219872,provision
229202,aspen
229202,domino
229202,parallel
229202,outstanding
229202,to
229202,team
229202,general
229202,notification
229202,email
229202,notifications
229202,publish
229202,everyone
233200,aspen
233200,domino
233200,parallel
233200,aspenarchive
233200,outstanding
233200,high yield
233200,the
233200,in
233200,on
233200,fields
233200,type
233200,spread
233200,between
233200,difference
233200,two
233200,question
233200,sofr
233191,aspen
233191,domino
233191,parallel
233191,aspenarchive
233191,outstanding
233191,for
233191,high yield
233191,on
233191,tab
233191,missing
233191,are
233191,business details needed
233191,ratings
233191,summary
233191,sp
233191,b
221653,aspen
221653,domino
221653,in
221653,page
221653,quest
221653,ui
221653,component
221653,creation
221653,static
221653,refactor
221653,customize
221653,prototype
219210,aspen
219210,domino
219210,to
219210,data
219210,new
219210,be
219210,with
219210,quest
219210,component
219210,analysis
219210,refactor
219210,edit
219210,componentpage
219210,compatible
219210,quests
229234,aspen
229234,domino
229234,parallel
229234,aspenarchive
229234,outstanding
229234,for
229234,not
229234,should
229234,be
229234,relative
229234,valueoutlook
229234,required
229234,declines
230631,aspen
230631,domino
230631,parallel
230631,aspenarchive
230631,outstanding
230631,high yield
230631,and
230631,equity
230631,remove
230631,cash
230631,total
230631,cells
233467,aspen
233467,domino
233467,parallel
233467,aspenarchive
233467,outstanding
233467,high yield
233467,and
233467,equity
233467,fields
233467,market
233467,remove
233467,cash
233467,out
233467,capsponsor
233467,other
233467,greyed
233461,aspen
233461,domino
233461,parallel
233461,aspenarchive
233461,outstanding
233461,for
233461,high yield
233461,from
233461,entity
233461,portfolio
233461,my
233461,remove
233461,sector
233461,assignment
233461,reseach
233461,heads
236737,aspen
236737,domino
236737,parallel
236737,the
236737,data
236737,capital
236737,structure
236737,from
236737,remove
236737,capital structure
236737,screen
236737,other
236737,line
217371,aspen
217371,domino
217371,to
217371,view
217371,filter
217371,remove
217371,next
217371,result
217371,widget
217371,dataquest
217371,retain
217371,run
217371,query
217371,feature
235349,aspen
235349,domino
235349,parallel
235349,outstanding
235349,for
235349,of
235349,from
235349,research
235349,entities
235349,request
235349,all
235349,family
235349,tree
235349,m
235349,export
235349,dan
230096,aspen
230096,domino
230096,parallel
230096,aspenarchive
230096,outstanding
230096,to
230096,in
230096,of
230096,should
230096,be
230096,field
230096,create
230096,request
230096,no
230096,seniority
230096,order
230096,currently
228411,aspen
228411,domino
228411,parallel
228411,aspenarchive
228411,outstanding
228411,to
228411,access
228411,credits
228411,requesting
233170,aspen
233170,domino
233170,parallel
233170,outstanding
233170,to
233170,high yield
233170,the
233170,capital solutions
233170,global equities
233170,a
233170,add
233170,from
233170,research
233170,emerging markets corporate debt
233170,new
233170,issuers
233170,should
233170,entity
233170,global infrastructure debt
233170,private placements
233170,investment grade corporates
233170,global private finance
233170,it
233170,global structured finance
233170,family
233170,tree
233170,investment grade securitized
233170,global sovereign
233170,korean equities
233170,korean fixed
233170,structured credit
233170,requesting
233170,inside
233170,directly
233481,aspen
233481,domino
233481,parallel
233481,aspenarchive
233481,outstanding
233481,to
233481,capital solutions
233481,research
233481,issuers
233481,entities
233481,incorrect
233481,legal
233481,tied
221304,aspen
221304,domino
221304,aspenarchive
221304,error
221304,api
221304,researchentity
221304,handling
230470,aspen
230470,domino
230470,parallel
230470,aspenarchive
230470,outstanding
230470,rio
230470,grande
230470,lng
233448,aspen
233448,domino
233448,parallel
233448,aspenarchive
233448,outstanding
233448,capital solutions
233448,score
233448,risk
233446,aspen
233446,domino
233446,parallel
233446,aspenarchive
233446,outstanding
233446,to
233446,not
233446,data
233446,global equities
233446,a
233446,missing
233446,be
233446,search
233446,stock
233446,function
233446,allowing
233446,chosen
227755,aspen
227755,domino
227755,parallel
227755,aspenarchive
227755,to
227755,not
227755,data
227755,global equities
227755,a
227755,missing
227755,be
227755,general
227755,search
227755,stock
227755,function
227755,allowing
227755,chosen
233468,aspen
233468,domino
233468,parallel
233468,aspenarchive
233468,outstanding
233468,high yield
233468,missing
233468,are
233468,secondary
233468,analysts
233468,sometimes
233164,aspen
233164,domino
233164,parallel
233164,aspenarchive
233164,outstanding
233164,global equities
233164,token
233164,refresh
233164,security
233164,automatic
233485,aspen
233485,domino
233485,parallel
233485,outstanding
233485,to
233485,assets
233485,capital solutions
233485,asset
233485,global infrastructure debt
233485,barings
233485,global private finance
233485,global structured finance
233485,send
233485,service
233485,bus
233485,name
233485,korean equities
233485,korean fixed
233485,private placement
233472,aspen
233472,domino
233472,parallel
233472,aspenarchive
233472,outstanding
233472,to
233472,and
233472,data
233472,global infrastructure debt
233472,private placements
233472,send
233472,extract
233472,dump
233472,janice
233472,eric
233194,aspen
233194,domino
233194,parallel
233194,aspenarchive
233194,outstanding
233194,to
233194,high yield
233194,and
233194,value
233194,equity
233194,fields
233194,field
233194,market
233194,cash
233194,editable
233194,blue
233194,two
233194,capsponsor
233194,show
233194,depict
233194,implied
225319,aspen
225319,domino
225319,aspenarchive
225319,signalr
225319,azure
225319,managed
225319,identity
233180,aspen
233180,domino
233180,parallel
233180,outstanding
233180,for
233180,global equities
233180,workflow
233180,solution
233180,ipo
235355,aspen
235355,domino
235355,parallel
235355,outstanding
235355,and
235355,of
235355,research
235355,as
235355,entities
235355,list
235355,access
235355,credits
235355,users
235355,see
235355,default
235355,by
235355,me
235355,part
235355,any
235355,our
235355,can
235355,some
235355,only
235355,remel
235355,cant
235355,searching
235355,individually
230130,aspen
230130,domino
230130,parallel
230130,aspenarchive
230130,outstanding
230130,ic
230130,needs
230130,sponsor
230130,added
230130,voter
235351,aspen
235351,domino
235351,parallel
235351,outstanding
235351,missing
235351,is
235351,value
235351,as
235351,agent
235351,bank
235351,sponsor
233449,aspen
233449,domino
233449,parallel
233449,aspenarchive
233449,outstanding
233449,high yield
233449,in
233449,a
233449,with
233449,below
233449,see
233449,bug
233449,spotted
233449,small
233449,using
233449,arcteryx
230637,aspen
230637,domino
230637,parallel
230637,outstanding
230637,high yield
230637,not
230637,value
230637,field
230637,search
230637,type
230637,spread
230637,does
230637,contained
235389,aspen
235389,domino
235389,aspenarchive
235389,to
235389,sqe
235389,coe:qe
235389,values
235389,details
235389,change
235389,advance
235389,down
235389,drop
235389,predefined
233987,aspen
233987,domino
233987,aspenarchive
233987,for
233987,the
233987,and
233987,in
233987,not
233987,capital
233987,tab
233987,sqe
233987,coe:qe
233987,global
233987,is
233987,solutions
233987,team
233987,esg
233987,credit
233987,investment
233987,barings
233987,grade
233987,structured
233987,expected
233987,section
233987,finance
233705,aspen
233705,domino
233705,aspenarchive
233705,the
233705,in
233705,capital
233705,structure
233705,sqe
233705,coe:qe
233705,page
233705,screen
233705,blank
234166,aspen
234166,domino
234166,aspenarchive
234166,for
234166,the
234166,not
234166,capital
234166,tab
234166,structure
234166,sqe
234166,coe:qe
234166,global
234166,is
234166,team
234166,investment
234166,structured
234166,expected
234166,finance
221323,aspen
221323,domino
221323,commentary
221323,sqe
221323,global
221323,details
221323,advance
221323,coe: qe
221323,equities
221329,aspen
221329,domino
221329,commentary
221329,sqe
221329,coe:qe
221329,details
221329,corps
221329,advance
221329,ig
221329,securitized
221329,perspective
221324,aspen
221324,domino
221324,aspenarchive
221324,commentary
221324,sqe
221324,credit
221324,details
221324,advance
221324,structured
221321,aspen
221321,domino
221321,commentary
221321,sqe
221321,coe:qe
221321,details
221321,advance
221321,ukhy
221322,aspen
221322,domino
221322,commentary
221322,sqe
221322,coe:qe
221322,details
221322,advance
221322,ushy
221325,aspen
221325,domino
221325,commentary
221325,sqe
221325,coe:qe
221325,details
221325,advance
221325,market
221325,emerging
221325,corporate
221325,debts
221327,aspen
221327,domino
221327,commentary
221327,sqe
221327,coe:qe
221327,investment
221327,details
221327,advance
221327,grade
221327,corporates
221986,aspen
221986,domino
221986,for
221986,sqe
221986,coe:qe
221986,details
221986,advance
221986,documentation
221986,automation
221986,stories
233606,aspen
233606,domino
233606,for
233606,the
233606,not
233606,assets
233606,asset
233606,sqe
233606,coe:qe
233606,as
233606,filter
233606,working
233606,expected
233606,table
233606,functionality
233607,aspen
233607,domino
233607,aspenarchive
233607,for
233607,the
233607,in
233607,assets
233607,tab
233607,sqe
233607,coe:qe
233607,value
233607,market
233607,portfolio
233607,mismatch
233600,aspen
233600,domino
233600,aspenarchive
233600,for
233600,sqe
233600,coe:qe
233600,issuer
233600,as
233600,ratings
233600,no
233600,expected
233600,or
233600,legal
233600,available
233600,records
233600,na
216374,aspen
216374,domino
216374,for
216374,sqe
216374,coe:qe
216374,close
216374,up
216374,engagement
216374,drawer
216374,observed
216374,pop
227269,aspen
227269,domino
227269,to
227269,and
227269,add
227269,of
227269,sqe
227269,new
227269,ui
227269,remove
227269,component
227269,coe: qe
227269,due
227269,scripting
227269,validating
227269,record
227269,code
227269,refactoring
218463,aspen
218463,domino
218463,the
218463,data
218463,a
218463,sqe
218463,from
218463,coe:qe
218463,when
218463,is
218463,model
218463,bugfix
218463,section
218463,by
218463,revenue
218463,rounded
218463,million
218463,scraped
222996,aspen
222996,domino
222996,to
222996,for
222996,commentary
222996,sqe
222996,coe:qe
222996,new
222996,corp
222996,create
222996,unable
222996,ig
225312,aspen
225312,domino
225312,aspenarchive
225312,to
225312,for
225312,the
225312,in
225312,commentary
225312,sqe
225312,from
225312,coe:qe
225312,values
225312,corp
225312,details
225312,advance
225312,unable
225312,save
225312,ig
225312,section
225312,dropdown
233799,aspen
233799,domino
233799,aspenarchive
233799,to
233799,the
233799,in
233799,sqe
233799,coe:qe
233799,global
233799,unable
233799,ratings
233799,see
233799,section
233799,external
233799,equities
233524,aspen
233524,domino
233524,aspenarchive
233524,to
233524,for
233524,the
233524,sqe
233524,coe:qe
233524,team
233524,with
233524,upload
233524,investment
233524,document
233524,unable
233524,private
233524,re
233524,placement
218453,aspen
218453,domino
218453,for
218453,high yield
218453,the
218453,a
218453,sqe
218453,coe:qe
218453,team
218453,should
218453,model
218453,investment
218453,bugfix
218453,yield
218453,down
218453,drop
218453,adding
218453,public
218453,only
218453,while
218453,ukus
218453,high
218453,firewall
218453,contain
218453,option
233930,aspen
233930,domino
233930,and
233930,on
233930,a
233930,when
233930,should
233930,page
233930,upload
233930,document
233930,save
233930,close
233930,bugfix
233930,hit
233930,user
233930,uploading
233930,sqeafter
233930,buttonthe
234018,aspen
234018,domino
234018,aspenarchive
234018,the
234018,and
234018,in
234018,on
234018,capital
234018,tab
234018,structure
234018,missing
234018,fields
234018,values
234018,as
234018,incorrect
234018,save
234018,bugfix
234018,hit
234018,or
234018,editing
234018,popup
234018,sqegetting
234018,tabafter
233961,aspen
233961,domino
233961,aspenarchive
233961,the
233961,and
233961,assets
233961,on
233961,values
233961,save
233961,bugfix
233961,error
233961,hit
233961,after
233961,an
233961,editing
233961,popup
233961,sqein
233961,assetsuser
233961,getting
233802,aspen
233802,domino
233802,the
233802,and
233802,in
233802,not
233802,commentary
233802,of
233802,coe:qe
233802,is
233802,order
233802,engagement
233802,dropdown
233802,sqesorting
233802,proper
233810,aspen
233810,domino
233810,aspenarchive
233810,to
233810,the
233810,document
233810,view
233810,uploaded
233810,sqeunable
234115,aspen
234115,domino
234115,aspenarchive
234115,the
234115,in
234115,not
234115,documents
234115,bugfix
234115,grid
234115,files
234115,table
234115,were
234115,sqeuploaded
234115,found
234032,aspen
234032,domino
234032,aspenarchive
234032,to
234032,for
234032,the
234032,and
234032,a
234032,save
234032,bugfix
234032,able
234032,but
234032,decline
234032,submit
234032,sqeuser
234032,didnt
234032,provide
234032,reason
234032,still
234032,vote
227793,aspen
227793,domino
227793,parallel
227793,aspenarchive
227793,not
227793,showing
227793,stock
233169,aspen
233169,domino
233169,parallel
233169,aspenarchive
233169,outstanding
233169,high yield
233169,of
233169,field
233169,investment grade corporates
233169,addition
233169,strength
233169,opportunity
228870,aspen
228870,domino
228870,parallel
228870,aspenarchive
228870,high yield
228870,tab
228870,summary
228870,enhancements
215045,aspen
215045,domino
215045,to
215045,document
215045,synapse
215045,migration
233474,aspen
233474,domino
233474,parallel
233474,aspenarchive
233474,outstanding
233474,not
233474,assets
233474,capital solutions
233474,asset
233474,holdings
233474,tc
233474,under
233474,figures
233474,displaying
230636,aspen
230636,domino
230636,parallel
230636,outstanding
230636,to
230636,high yield
230636,should
230636,be
230636,tenor
230636,2dp
211330,aspen
211330,domino
211330,aspenarchive
211330,tickers
228757,aspen
228757,domino
228757,parallel
228757,aspenarchive
228757,outstanding
228757,to
228757,for
228757,on
228757,research
228757,emerging markets corporate debt
228757,em
228757,technical details needed
228757,corps
228757,entities
228757,all
228757,notifications
228757,users
228757,turn
229534,aspen
229534,domino
229534,parallel
229534,aspenarchive
229534,outstanding
229534,to
229534,assets
229534,asset
229534,team
229534,investment
229534,change
229534,unable
232131,aspen
232131,domino
232131,parallel
232131,aspenarchive
232131,to
232131,high yield
232131,a
232131,of
232131,unable
232131,save
232131,pipeline
232131,draft
232131,event
228899,aspen
228899,domino
228899,parallel
228899,aspenarchive
228899,outstanding
228899,to
228899,upload
228899,unable
228899,full
228899,functionality
228899,modelsaccess
229196,aspen
229196,domino
229196,parallel
229196,aspenarchive
229196,outstanding
229196,for
229196,global equities
229196,global
229196,equity
229196,users
229196,sub
229196,unassigned
229196,groups
236234,aspen
236234,domino
236234,and
236234,on
236234,asset
236234,values
236234,update
236234,grid
236234,so
236234,par
236234,shares
211905,aspen
211905,domino
211905,for
211905,and
211905,assets
211905,on
211905,asset
211905,issuers
211905,issuer
211905,update
211905,profile
211905,preferences
211905,ut
219778,aspen
219778,domino
219778,for
219778,commentary
219778,update
219778,notification
219778,share
219778,application
214850,aspen
214850,domino
214850,for
214850,update
214850,bugfix
214850,token
214850,signalr
214850,refreshing
233454,aspen
233454,domino
233454,parallel
233454,aspenarchive
233454,outstanding
233454,high yield
233454,and
233454,upload
233454,work
233454,scrape
233454,buttons
233454,inconsistently
227787,aspen
227787,domino
227787,parallel
227787,aspenarchive
227787,global equities
227787,upload
227787,failed
231254,aspen
231254,domino
231254,to
231254,a
231254,research
231254,when
231254,is
231254,page
231254,entity
231254,home
231254,user
231254,redirected
231254,navigating
229478,aspen
229478,domino
229478,parallel
229478,aspenarchive
229478,outstanding
229478,in
229478,excel
229478,button
229478,addin
229478,edit
229478,vanished
228864,aspen
228864,domino
228864,parallel
228864,outstanding
228864,high yield
228864,voting
228864,log
233462,aspen
233462,domino
233462,parallel
233462,aspenarchive
233462,outstanding
233462,for
233462,high yield
233462,the
233462,when
233462,deal
233462,are
233462,close
233462,it
233462,day 2
233462,saving
233462,panel
233462,submitted
233462,will
233462,approval
233462,deals
233462,before
233188,aspen
233188,domino
233188,parallel
233188,aspenarchive
233188,outstanding
233188,high yield
233188,when
233188,technical details needed
233188,analyst
233188,both
233188,lists
233188,showing
233188,show
233188,usuk
233453,aspen
233453,domino
233453,parallel
233453,aspenarchive
233453,outstanding
233453,high yield
233453,the
233453,in
233453,when
233453,page
233453,search
233453,filter
233453,you
233453,after
233453,scroll
233453,function
233453,one
233453,off
233453,results
233453,cuts
228862,aspen
228862,domino
228862,parallel
228862,aspenarchive
228862,outstanding
228862,high yield
228862,the
228862,in
228862,when
228862,deal
228862,save
228862,close
228862,workflow
228862,hit
228862,you
228862,it
228862,shouldnt
233456,aspen
233456,domino
233456,parallel
233456,aspenarchive
233456,outstanding
233456,for
233456,high yield
233456,the
233456,and
233456,on
233456,a
233456,of
233456,when
233456,fields
233456,deal
233456,ui
233456,you
233456,hy
233456,cash
233456,by
233456,were
233456,submit
233456,approval
233456,adj
233456,ebitda
233456,multiplied
233456,factor
233456,1mm
231627,aspen
231627,domino
231627,parallel
231627,high yield
231627,emerging markets corporate debt
231627,team
231627,investment
231627,wrong
231627,designation
230639,aspen
230639,domino
230639,parallel
230639,aspenarchive
230639,high yield
230639,in
230639,not
230639,should
230639,be
230639,yield
230639,ccy
230639,expressed
235338,aspen
235338,domino
235338,parallel
235338,outstanding
235338,in
235338,not
235338,should
235338,be
235338,yield
235338,ccy
235338,expressed